{
  "Component.js": 1709026595087,
  "manifest.json": 1709039717330,
  "test/integration/pages/RisksList.js": 1709026595111,
  "test/integration/opaTests.qunit.js": 1709026595099,
  "test/integration/FirstJourney.js": 1709026595119,
  "test/testsuite.qunit.js": 1709026595095,
  "xs-app.json": 1709039841487,
  "test/integration/pages/RisksObjectPage.js": 1709026595119,
  "i18n/i18n.properties": 1709026652637,
  "test/integration/pages/RisksObjectPage-dbg.js": 1709026595119,
  "test/integration/pages/RisksObjectPage.js.map": 1709039849668,
  "test/integration/opaTests.qunit-dbg.js": 1709026595099,
  "test/integration/opaTests.qunit.js.map": 1709039849688,
  "test/integration/FirstJourney-dbg.js": 1709026595119,
  "test/integration/FirstJourney.js.map": 1709039849668,
  "test/testsuite.qunit-dbg.js": 1709026595095,
  "test/testsuite.qunit.js.map": 1709039849673,
  "test/integration/pages/RisksList-dbg.js": 1709026595111,
  "test/integration/pages/RisksList.js.map": 1709039849670,
  "Component-dbg.js": 1709026595087,
  "Component.js.map": 1709039849672,
  "Component-preload.js": 1709039849811,
  "Component-preload.js.map": 1709039849811,
  "test/integration/opaTests.qunit.html": 1709026595099,
  "test/testsuite.qunit.html": 1709026595091,
  "test/flpSandbox.html": 1709026595091,
  "index.html": 1709026595087
}